<?xml version="1.0" encoding="UTF-8"?>
<suite name="Suite" preserve-order="true" verbose="1">
	<!-- <listeners> <listener class-name="com.ontestautomation.extentreports.listener.ExtentReporterNG" 
		/> </listeners> -->
	<parameter name="browser" value="chrome" />
	<test name="SanityCheck">
		<!-- <firefox, chrome, ie> -->
		<classes>
			<class name="com.lrn.cat.tc.LoginTC" />
<!-- 			<class name="com.lrn.cat.tc.SearchCourseTC" /> -->
<!-- 			<class name="com.lrn.cat.tc.EditCourseTC" /> -->
			<class name= "com.lrn.cat.tc.CreateCourseTC" />
			<class name= "com.lrn.cat.tc.AddLessonTC" />
			<class name= "com.lrn.cat.tc.AddTopicTC" />
			<class name= "com.lrn.cat.tc.AddPageTC" />
			<class name= "com.lrn.cat.tc.EditTextTemplateTC" />
			<class name= "com.lrn.cat.tc.CheckInCourseTC" />
<!--             <class name="com.lrn.cat.tc.LogoutTC" /> -->
			
		</classes>
	</test>
</suite> 






 
 
 
 